理磬, 703799646, /hi
理磬, 703799646, /time
理磬, 703799646, /help
理磬, 703799646, /help
理磬, 703799646, /difference
理磬, 703799646, /difference 7 5
理磬, 703799646, /help
理磬, 703799646, /difference
理磬, 703799646, /difference 5 15
理磬, 703799646, /help
理磬, 703799646, /product 5 8
理磬, 703799646, /help
理磬, 703799646, /divide 15 3
理磬, 703799646, /divide 15 4
理磬, 703799646, /help
理磬, 703799646, /exponent 5 3
理磬, 703799646, /divide 5
理磬, 703799646, /divide 5 0
理磬, 703799646, /help
理磬, 703799646, /divide 5 0
理磬, 703799646, /divide 5 0
理磬, 703799646, /exponent 0 5
理磬, 703799646, /exponent 5 0
理磬, 703799646, /help
理磬, 703799646, /sqrt 16
理磬, 703799646, /sqrt 16
理磬, 703799646, /sqrt 25
理磬, 703799646, /sqrt gj
理磬, 703799646, /sqrt 9
理磬, 703799646, /sqrt 9
理磬, 703799646, /sqrt 痤
理磬, 703799646, /sqrt 痤
理磬, 703799646, /sum 5 h
理磬, 703799646, /product 0 0
理磬, 703799646, /product gjgjjd djnfdjs
理磬, 703799646, /difference 9 5
理磬, 703799646, /difference g 5
理磬, 703799646, /help
理磬, 703799646, /complex_sum jkl
理磬, 703799646, /complex_sum 5 4 9 6
理磬, 703799646, /complex_difference 7 2 5 4
理磬, 703799646, /complex_product 7 8 1 2
理磬, 703799646, /complex_divide 7 8 1 2
理磬, 703799646, /complex_difference 7 2 5 4
理磬, 703799646, /help
